first_name,last_name,language,email
Abrahan,Howford,Maltese,ahowford0@nytimes.com
Mercedes,Corbert,Yiddish,mcorbert1@mtv.com
Eugenio,Tallyn,Swati,etallyn2@si.edu
Barbe,Zecchii,Quechua,bzecchii3@technorati.com
Patty,Sentance,Maltese,psentance4@sphinn.com
Olympe,Rudderham,Portuguese,orudderham5@mysql.com
Iolanthe,Winger,Sotho,iwinger6@npr.org
Rheta,Strotone,Assamese,rstrotone7@state.tx.us
Tamarra,Rubertelli,Yiddish,trubertelli8@sun.com
Bone,Burghall,Oriya,bburghall9@live.com
Blanch,Woodes,Ndebele,bwoodesa@hc360.com
Scarlet,Girardet,Dari,sgirardetb@seattletimes.com
Rutherford,Jobin,Tetum,rjobinc@epa.gov
Byran,Skipper,Amharic,bskipperd@squarespace.com
Inna,Gebuhr,Haitian Creole,igebuhre@weibo.com
Olivier,Willison,Mongolian,owillisonf@examiner.com
Irena,Sibbert,Irish Gaelic,isibbertg@ft.com
Aprilette,Guidoni,Tamil,aguidonih@goodreads.com
Ertha,Damrel,Fijian,edamreli@discuz.net
Linea,Tower,Oriya,ltowerj@woothemes.com
Nevile,Antonich,Gagauz,nantonichk@behance.net
Darcee,Hibbart,Punjabi,dhibbartl@shop-pro.jp
Ginger,McChesney,Bislama,gmcchesneym@cocolog-nifty.com
Broderick,Caroline,Arabic,bcarolinen@narod.ru
Banky,Eim,Bulgarian,beimo@bing.com
Cully,McCall,Lao,cmccallp@parallels.com
Emmit,Forward,Aymara,eforwardq@1und1.de
Alis,Penna,Fijian,apennar@wsj.com
Diego,Kendall,Dutch,dkendalls@nih.gov
Judi,Assante,Mongolian,jassantet@auda.org.au
Gerty,Allon,Albanian,gallonu@epa.gov
Lorry,Milburne,Azeri,lmilburnev@google.ru
Glynis,Gammett,Bengali,ggammettw@flavors.me
Rickie,Allington,Yiddish,rallingtonx@woothemes.com
Tomasine,Robertelli,Tswana,trobertelliy@meetup.com
Bethena,Bertrand,Bengali,bbertrandz@linkedin.com
Baryram,Jachtym,Afrikaans,bjachtym10@google.com
Sibilla,Bernollet,German,sbernollet11@youku.com
Hynda,Hacard,Assamese,hhacard12@macromedia.com
Eudora,Lohde,English,elohde13@techcrunch.com
Killy,Blackaller,Aymara,kblackaller14@prnewswire.com
Rutger,Towner,Tsonga,rtowner15@blinklist.com
Rouvin,Moorfield,Haitian Creole,rmoorfield16@homestead.com
Sisile,Peacher,Zulu,speacher17@utexas.edu
Sibley,Livingstone,Bislama,slivingstone18@upenn.edu
Borden,Rohlfs,Spanish,brohlfs19@java.com
Dayle,Charles,Georgian,dcharles1a@unblog.fr
Deidre,Kehoe,Assamese,dkehoe1b@dot.gov
Rodd,Cargenven,Kazakh,rcargenven1c@miitbeian.gov.cn
Cathrine,Hayen,Filipino,chayen1d@google.co.jp
Cecilla,Addie,Korean,caddie1e@cafepress.com
Barris,Urridge,Persian,burridge1f@ning.com
William,Tomlett,Latvian,wtomlett1g@wiley.com
Brandea,Corness,Bosnian,bcorness1h@rambler.ru
Tye,Rae,Gagauz,trae1i@europa.eu
Lou,O' Mulderrig,Yiddish,lomulderrig1j@networksolutions.com
Hunter,Geach,Japanese,hgeach1k@canalblog.com
Brenden,Seabrocke,Haitian Creole,bseabrocke1l@youtube.com
Westbrooke,Deshon,Catalan,wdeshon1m@geocities.jp
Ina,Noseworthy,Hebrew,inoseworthy1n@accuweather.com
Bealle,Becerro,Swati,bbecerro1o@nifty.com
Nanice,Westwater,Telugu,nwestwater1p@ameblo.jp
Kenna,Rodgerson,Kannada,krodgerson1q@sourceforge.net
Romonda,Bras,Kurdish,rbras1r@cbslocal.com
Rene,Rousel,Gagauz,rrousel1s@clickbank.net
Pauline,Raggatt,Albanian,praggatt1t@usda.gov
Jania,Mourge,Maltese,jmourge1u@over-blog.com
Tonya,Mussotti,New Zealand Sign Language,tmussotti1v@chron.com
Forest,Ockwell,Kashmiri,fockwell1w@myspace.com
Ira,Bockmaster,Moldovan,ibockmaster1x@lulu.com
Adena,Belle,Ndebele,abelle1y@baidu.com
Rafaelita,Dougherty,Marathi,rdougherty1z@sogou.com
Angus,Sporrij,Khmer,asporrij20@bloglines.com
Roselia,O'Moylane,Tswana,romoylane21@kickstarter.com
Rivi,Milella,New Zealand Sign Language,rmilella22@nydailynews.com
Franchot,Mulheron,Papiamento,fmulheron23@google.ca
Carmine,Warrell,Ndebele,cwarrell24@fc2.com
Liuka,McKinless,Hindi,lmckinless25@discuz.net
Angel,Alflatt,Lithuanian,aalflatt26@amazon.co.jp
Geralda,Frake,Marathi,gfrake27@weather.com
Gretna,Latour,Telugu,glatour28@plala.or.jp
Shela,Mattea,Finnish,smattea29@ycombinator.com
Charyl,Basham,Swati,cbasham2a@nhs.uk
Twyla,Padrick,Ndebele,tpadrick2b@unblog.fr
Hort,Lober,Gagauz,hlober2c@google.de
Maure,Muscroft,Tetum,mmuscroft2d@businessweek.com
Rorie,Grubb,Assamese,rgrubb2e@last.fm
Sander,Andresser,Somali,sandresser2f@amazon.de
Clerissa,Brannigan,Oriya,cbrannigan2g@ning.com
Travis,Cerman,Oriya,tcerman2h@freewebs.com
Shannah,Cuel,Tswana,scuel2i@goo.ne.jp
Harriet,Novis,Hebrew,hnovis2j@redcross.org
Wendel,Golby,West Frisian,wgolby2k@google.cn
Read,Nias,Dzongkha,rnias2l@aol.com
Arlen,Cicccitti,Nepali,acicccitti2m@canalblog.com
Felicio,Droghan,Catalan,fdroghan2n@cisco.com
Rici,Starte,Zulu,rstarte2o@usnews.com
Jammie,Caple,Dhivehi,jcaple2p@latimes.com
Ewell,Donisthorpe,Kazakh,edonisthorpe2q@shareasale.com
Finley,Leamon,Maltese,fleamon2r@blogs.com
Rosie,Salliss,English,rsalliss2s@oakley.com
Fiorenze,Leyton,Tajik,fleyton2t@jigsy.com
Kathye,Secker,Swati,ksecker2u@virginia.edu
Andrus,Gerardet,Kurdish,agerardet2v@sphinn.com
Dory,Lambarton,Danish,dlambarton2w@blogs.com
Josias,Mcsarry,Hiri Motu,jmcsarry2x@blog.com
Nerte,Feitosa,Bislama,nfeitosa2y@amazon.com
Kandy,Rossetti,Spanish,krossetti2z@spotify.com
Israel,Jostan,Bosnian,ijostan30@jiathis.com
Parrnell,D'Antuoni,Kazakh,pdantuoni31@istockphoto.com
Saudra,Pybus,Bulgarian,spybus32@t.co
Kissie,Youles,Pashto,kyoules33@craigslist.org
Prudi,Shakesby,Korean,pshakesby34@thetimes.co.uk
Ania,Keymar,Papiamento,akeymar35@blogspot.com
Johnette,Payle,French,jpayle36@tmall.com
Flint,Asch,Hindi,fasch37@time.com
Katrina,Gowen,Amharic,kgowen38@multiply.com
Desdemona,Boggon,Hindi,dboggon39@deliciousdays.com
Odie,Pickrill,Kyrgyz,opickrill3a@blogtalkradio.com
Philomena,Cinnamond,Bengali,pcinnamond3b@angelfire.com
Veronike,Sinnat,French,vsinnat3c@ehow.com
Katerina,Gaskin,Estonian,kgaskin3d@adobe.com
Malory,Duligal,Māori,mduligal3e@networkadvertising.org
Farrah,Tinner,Portuguese,ftinner3f@google.es
Sheilah,Kuhn,Afrikaans,skuhn3g@tuttocitta.it
Joana,Geeraert,Fijian,jgeeraert3h@ehow.com
Aeriell,Cridland,Kannada,acridland3i@geocities.jp
Darryl,Samples,Pashto,dsamples3j@wikispaces.com
Waylin,Biesty,Dhivehi,wbiesty3k@miitbeian.gov.cn
Bailie,De Bruijne,Malayalam,bdebruijne3l@ft.com
Georg,Duncan,Sotho,gduncan3m@51.la
Hiram,Hamby,Quechua,hhamby3n@ocn.ne.jp
Onfre,Franzelini,Swati,ofranzelini3o@wunderground.com
Doro,Vallentine,Latvian,dvallentine3p@nature.com
Alidia,Ashbey,Tswana,aashbey3q@yellowpages.com
Eleonora,Miko,Dzongkha,emiko3r@list-manage.com
Gregorio,Garley,English,ggarley3s@sfgate.com
Gavin,Busby,New Zealand Sign Language,gbusby3t@marketwatch.com
Scarlett,Cavaney,Māori,scavaney3u@cocolog-nifty.com
Elna,Branston,Mongolian,ebranston3v@technorati.com
Rickert,Mityakov,Dutch,rmityakov3w@wordpress.org
Dickie,O'Riordan,Filipino,doriordan3x@webeden.co.uk
Hastings,Saiger,Gujarati,hsaiger3y@squarespace.com
Dennis,Castan,Bosnian,dcastan3z@ameblo.jp
Prent,McCarter,Ndebele,pmccarter40@ucoz.com
Clim,Pedrick,Bengali,cpedrick41@unblog.fr
Phil,Laxen,Arabic,plaxen42@bbc.co.uk
Eddy,Dannell,Filipino,edannell43@jimdo.com
Alaine,Spanswick,Portuguese,aspanswick44@t-online.de
Arv,Dawtre,Hindi,adawtre45@drupal.org
Tammi,Timbrell,Amharic,ttimbrell46@usnews.com
Angelica,Roblou,Albanian,aroblou47@thetimes.co.uk
Edgard,Calton,Bislama,ecalton48@baidu.com
Simone,Heindrick,Italian,sheindrick49@printfriendly.com
Cornell,Klimushev,Sotho,cklimushev4a@boston.com
Tatiana,Milliere,Swedish,tmilliere4b@slashdot.org
Hi,Wiskar,Oriya,hwiskar4c@wiley.com
Anastasie,Yallop,Estonian,ayallop4d@wisc.edu
Tommie,Mourgue,German,tmourgue4e@uol.com.br
Stavro,Gallehock,Arabic,sgallehock4f@nba.com
Maurizio,Pirrey,Lao,mpirrey4g@mozilla.org
Phaedra,Leehane,Tsonga,pleehane4h@meetup.com
Boigie,Blyden,Somali,bblyden4i@barnesandnoble.com
Boonie,Meiner,Quechua,bmeiner4j@histats.com
Tirrell,Feely,Kyrgyz,tfeely4k@barnesandnoble.com
Killian,Muggach,Dutch,kmuggach4l@ca.gov
Clem,Lodeke,Swahili,clodeke4m@wp.com
Melisenda,Anlay,Ndebele,manlay4n@cloudflare.com
Adah,Grainger,Polish,agrainger4o@gizmodo.com
Pet,Dymock,Tswana,pdymock4p@skype.com
Delores,Reynard,Assamese,dreynard4q@bizjournals.com
Cosetta,Anear,Kannada,canear4r@pen.io
Armando,Riddiough,Pashto,ariddiough4s@newsvine.com
Clarissa,Margaret,Quechua,cmargaret4t@ask.com
Winslow,Durban,Bulgarian,wdurban4u@ustream.tv
Philly,Arnowicz,Fijian,parnowicz4v@miitbeian.gov.cn
Lamar,Owttrim,Tok Pisin,lowttrim4w@live.com
Katey,Bundy,Malay,kbundy4x@instagram.com
Birch,Rookes,Kashmiri,brookes4y@nhs.uk
Leonhard,Baleine,Tok Pisin,lbaleine4z@ibm.com
Rawley,Natte,Swedish,rnatte50@elegantthemes.com
Morganica,Cassin,Thai,mcassin51@nsw.gov.au
Willa,Baines,Swahili,wbaines52@jigsy.com
Conn,Mitroshinov,Indonesian,cmitroshinov53@irs.gov
Dannel,Poleykett,Norwegian,dpoleykett54@networksolutions.com
Kinna,Gabbat,Oriya,kgabbat55@xing.com
Rriocard,Mauro,Malay,rmauro56@jimdo.com
Hubie,Fishbourne,Oriya,hfishbourne57@go.com
Hollyanne,Berens,Burmese,hberens58@oracle.com
Aili,Forman,Tok Pisin,aforman59@unc.edu
Kaspar,Linke,Tswana,klinke5a@360.cn
Evvie,Managh,Icelandic,emanagh5b@seattletimes.com
Archie,Albery,Amharic,aalbery5c@pcworld.com
Clemmy,Truett,Telugu,ctruett5d@booking.com
Annabal,Oxtoby,Kyrgyz,aoxtoby5e@gizmodo.com
Rodd,Jimenez,Hebrew,rjimenez5f@360.cn
Shanna,Lilburn,Marathi,slilburn5g@cnbc.com
Lenci,Millthorpe,Mongolian,lmillthorpe5h@bravesites.com
Giuditta,Seeler,Estonian,gseeler5i@gov.uk
Weylin,Luckes,Kannada,wluckes5j@wired.com
Jen,McEwen,Papiamento,jmcewen5k@xrea.com
Anastasie,Vardy,Finnish,avardy5l@biblegateway.com
Oralee,Johl,Danish,ojohl5m@oracle.com
Kristoforo,Brainsby,West Frisian,kbrainsby5n@google.de
Jerrylee,Becconsall,Tamil,jbecconsall5o@sfgate.com
Tam,Chisnell,Hiri Motu,tchisnell5p@bravesites.com
Sibyl,Whitwham,Bislama,swhitwham5q@omniture.com
Miof mela,Wildblood,Swati,mwildblood5r@google.co.jp
Remy,Dyka,Moldovan,rdyka5s@paypal.com
Kelly,Rizzello,Tok Pisin,krizzello5t@wikispaces.com
Joey,Barbera,Lao,jbarbera5u@edublogs.org
Myrna,Impson,Afrikaans,mimpson5v@virginia.edu
Siobhan,Appleton,Dari,sappleton5w@umn.edu
Dalt,Dicke,Portuguese,ddicke5x@mozilla.com
Dirk,Waterhouse,Kurdish,dwaterhouse5y@list-manage.com
Shermie,Hewertson,Northern Sotho,shewertson5z@fema.gov
Caritta,Cockitt,Pashto,ccockitt60@bravesites.com
Nadia,Bevington,Icelandic,nbevington61@wsj.com
Mannie,Aucott,Bulgarian,maucott62@businesswire.com
Daphne,Canby,Telugu,dcanby63@stanford.edu
Mable,Middleton,Polish,mmiddleton64@gmpg.org
Hasheem,Patterson,Burmese,hpatterson65@bravesites.com
Kissee,Cote,Indonesian,kcote66@springer.com
Selby,Ebunoluwa,Korean,sebunoluwa67@latimes.com
Gae,Bowery,Lao,gbowery68@t.co
Clemmie,Lupson,Somali,clupson69@shop-pro.jp
Roobbie,Elgood,Georgian,relgood6a@discuz.net
Kimball,Reilingen,Aymara,kreilingen6b@flickr.com
Christan,Stanett,Filipino,cstanett6c@discovery.com
Emlynn,Giles,Armenian,egiles6d@indiatimes.com
Nataniel,Comrie,Mongolian,ncomrie6e@smugmug.com
Barri,Algate,Zulu,balgate6f@ox.ac.uk
Janel,Chilton,Catalan,jchilton6g@theatlantic.com
Rosette,Hancell,Hungarian,rhancell6h@diigo.com
Phillipe,Hadwin,Romanian,phadwin6i@berkeley.edu
Aidan,Feaver,Afrikaans,afeaver6j@cdc.gov
Gunther,Yanne,Sotho,gyanne6k@liveinternet.ru
Brandice,Roskruge,Swati,broskruge6l@netvibes.com
Maryjane,Shearston,Sotho,mshearston6m@google.it
Carlye,Mourant,Kannada,cmourant6n@ebay.com
Claudette,Sweed,Mongolian,csweed6o@hibu.com
Jany,Fearnsides,Zulu,jfearnsides6p@free.fr
Keri,Bolin,Bulgarian,kbolin6q@ca.gov
Kelly,Keach,Malagasy,kkeach6r@newyorker.com
Cloe,Bettinson,Amharic,cbettinson6s@senate.gov
Calv,Yaus,Gagauz,cyaus6t@ftc.gov
Georgetta,Langmuir,Hindi,glangmuir6u@seesaa.net
Pasquale,Berkelay,Yiddish,pberkelay6v@cnn.com
Nanette,Domengue,Latvian,ndomengue6w@wisc.edu
Noel,Rispen,Tsonga,nrispen6x@twitpic.com
Sayres,Roocroft,Hungarian,sroocroft6y@uol.com.br
Hildegaard,Huke,Ndebele,hhuke6z@apple.com
Abe,Bellard,Hindi,abellard70@hud.gov
Ayn,Barok,Tajik,abarok71@edublogs.org
Dotty,Beresford,Pashto,dberesford72@wikipedia.org
Orsa,Canty,Malayalam,ocanty73@studiopress.com
Darlene,Gaiford,Nepali,dgaiford74@naver.com
Cindra,Kneafsey,Tswana,ckneafsey75@mapquest.com
Bruce,McAne,Dhivehi,bmcane76@blog.com
Sylvan,Hillatt,Indonesian,shillatt77@dmoz.org
Valerye,Chaize,Burmese,vchaize78@tiny.cc
Seymour,Sherel,Korean,ssherel79@ibm.com
Vito,Lightwood,Czech,vlightwood7a@loc.gov
Codie,Barling,Polish,cbarling7b@cbslocal.com
Irwinn,Beartup,Italian,ibeartup7c@squarespace.com
Emmet,Hanlin,West Frisian,ehanlin7d@shinystat.com
Clarie,Farnes,Dari,cfarnes7e@weibo.com
Elvis,Lapham,Finnish,elapham7f@feedburner.com
Glen,McGarrie,Sotho,gmcgarrie7g@weebly.com
Grantham,Rabl,Swati,grabl7h@uol.com.br
Shaylah,Spurnier,Malay,sspurnier7i@cbc.ca
Karrah,Crowne,Swedish,kcrowne7j@howstuffworks.com
Franklyn,Atherley,Luxembourgish,fatherley7k@cafepress.com
Carney,Shirland,Belarusian,cshirland7l@icq.com
Lauretta,Franciottoi,Finnish,lfranciottoi7m@state.tx.us
Janetta,Schruyer,Tswana,jschruyer7n@jigsy.com
Ina,Lawrey,Icelandic,ilawrey7o@parallels.com
Diandra,Rooksby,Lao,drooksby7p@hibu.com
Bettye,Lamminam,Bislama,blamminam7q@irs.gov
Kendricks,Pouck,Amharic,kpouck7r@statcounter.com
Johnathan,Chapier,Telugu,jchapier7s@ning.com
Sabra,Spellissy,Punjabi,sspellissy7t@blog.com
Prisca,Gormally,Macedonian,pgormally7u@wordpress.org
Truda,Tingle,Kurdish,ttingle7v@google.de
Jessa,Ridges,Chinese,jridges7w@uol.com.br
Jodee,Kain,Kazakh,jkain7x@desdev.cn
Griffin,Weakley,French,gweakley7y@dyndns.org
Nealon,Forte,Lao,nforte7z@columbia.edu
Kial,Tapner,French,ktapner80@reverbnation.com
Drucy,Reichert,Czech,dreichert81@berkeley.edu
Virgil,Lacrouts,Swati,vlacrouts82@china.com.cn
Davidde,Jealous,Georgian,djealous83@who.int
Terrance,Jardein,Azeri,tjardein84@sourceforge.net
Kiri,Lundbeck,Belarusian,klundbeck85@fema.gov
Richie,Debell,Japanese,rdebell86@yahoo.com
Joellyn,Shevlin,Lithuanian,jshevlin87@ezinearticles.com
Electra,McCowan,English,emccowan88@bravesites.com
Benjie,Fawley,Kyrgyz,bfawley89@livejournal.com
Ricki,Trouncer,Persian,rtrouncer8a@smugmug.com
Bing,MacKeever,Somali,bmackeever8b@google.co.uk
Codie,Iacomettii,Luxembourgish,ciacomettii8c@123-reg.co.uk
Jami,Scholer,West Frisian,jscholer8d@prlog.org
Delora,Grigore,Northern Sotho,dgrigore8e@trellian.com
Jackqueline,Mowday,Dari,jmowday8f@kickstarter.com
Gratia,Lorentzen,Quechua,glorentzen8g@friendfeed.com
Frannie,Cuthill,Hungarian,fcuthill8h@dot.gov
Marven,Mainz,Mongolian,mmainz8i@state.tx.us
Christie,Vauls,Northern Sotho,cvauls8j@unesco.org
Symon,Steger,Montenegrin,ssteger8k@skyrock.com
Annabela,Tinman,Ndebele,atinman8l@berkeley.edu
Cassandra,Baress,Polish,cbaress8m@theatlantic.com
Lyndsey,Tudgay,Quechua,ltudgay8n@cnbc.com
Vernen,Daugherty,Guaraní,vdaugherty8o@amazonaws.com
Emmi,Sore,Czech,esore8p@twitter.com
Collette,Dudleston,Dzongkha,cdudleston8q@oracle.com
Minnaminnie,Bamell,Moldovan,mbamell8r@elegantthemes.com
Isaiah,Biagioni,Pashto,ibiagioni8s@altervista.org
Maxie,Hynde,Tok Pisin,mhynde8t@techcrunch.com
Jeannette,O'Crowley,Nepali,jocrowley8u@samsung.com
Alain,Rogge,Estonian,arogge8v@mayoclinic.com
Adriana,Rossoni,German,arossoni8w@clickbank.net
Arvin,Futcher,Swati,afutcher8x@reverbnation.com
Miranda,Barwack,Afrikaans,mbarwack8y@narod.ru
Dagny,Rodman,Lao,drodman8z@discovery.com
Dolores,Pirozzi,Burmese,dpirozzi90@noaa.gov
Eustace,Tuffrey,Bengali,etuffrey91@nih.gov
Adrea,Trattles,Romanian,atrattles92@weather.com
Phoebe,Gilstoun,Kashmiri,pgilstoun93@mlb.com
Gustavus,Guyan,Swahili,gguyan94@over-blog.com
Camile,Wagge,Macedonian,cwagge95@bing.com
Quent,Hussy,Macedonian,qhussy96@ucoz.ru
Rachele,Krzyzaniak,Persian,rkrzyzaniak97@bbc.co.uk
Filbert,McClaren,Fijian,fmcclaren98@mapquest.com
Carmencita,Gerardin,Armenian,cgerardin99@youku.com
Scotty,Cubbini,Persian,scubbini9a@webnode.com
Chelsie,Hobell,Dari,chobell9b@free.fr
Alice,O'Dea,Irish Gaelic,aodea9c@odnoklassniki.ru
Nicolas,Chiplen,Somali,nchiplen9d@alexa.com
Tiertza,Konke,Telugu,tkonke9e@house.gov
Guillema,Goulborn,Tsonga,ggoulborn9f@purevolume.com
Robby,Duffell,Punjabi,rduffell9g@wsj.com
Ruy,Daton,Finnish,rdaton9h@bbb.org
Ruttger,Charsley,Spanish,rcharsley9i@about.me
Fanchette,Wandrach,Haitian Creole,fwandrach9j@wikipedia.org
Nesta,Daniello,German,ndaniello9k@squarespace.com
Bettina,Cardew,Guaraní,bcardew9l@rakuten.co.jp
Martyn,Hegges,Tamil,mhegges9m@barnesandnoble.com
Melli,Klimochkin,Indonesian,mklimochkin9n@businesswire.com
Robinet,Stickles,French,rstickles9o@fema.gov
Catherina,Hugin,Icelandic,chugin9p@bizjournals.com
Linn,Trevon,Marathi,ltrevon9q@hostgator.com
Filippa,Instone,New Zealand Sign Language,finstone9r@ezinearticles.com
Riordan,Cadwallader,Burmese,rcadwallader9s@shop-pro.jp
Jacob,Wane,Greek,jwane9t@webeden.co.uk
Crawford,Frandsen,Maltese,cfrandsen9u@4shared.com
Lea,Jirieck,Gujarati,ljirieck9v@elegantthemes.com
Corrina,Rigolle,Swahili,crigolle9w@vimeo.com
Zachery,Kimm,German,zkimm9x@bigcartel.com
Avigdor,Cammoile,Lithuanian,acammoile9y@merriam-webster.com
Sherie,Philipps,Zulu,sphilipps9z@webs.com
Margarethe,Huyhton,Korean,mhuyhtona0@wikimedia.org
Bourke,Duchateau,Malayalam,bduchateaua1@trellian.com
Brigida,Crosser,Māori,bcrossera2@cloudflare.com
Hogan,Whardley,Moldovan,hwhardleya3@msu.edu
Aurilia,Mitrikhin,Dutch,amitrikhina4@europa.eu
Keri,Viegas,Greek,kviegasa5@elegantthemes.com
Paxon,Regan,West Frisian,pregana6@virginia.edu
Jabez,Studeart,Yiddish,jstudearta7@t-online.de
Lotte,Raulstone,Bislama,lraulstonea8@pinterest.com
Binny,Theriot,Hiri Motu,btheriota9@1688.com
Lanny,Conlaund,Sotho,lconlaundaa@addtoany.com
Deana,Akett,Greek,dakettab@sourceforge.net
Stephine,Arens,Zulu,sarensac@photobucket.com
Bibbie,Matus,Estonian,bmatusad@edublogs.org
Hewet,Wassung,Mongolian,hwassungae@github.com
Witty,Massot,Somali,wmassotaf@vimeo.com
Rosamund,Creegan,Papiamento,rcreeganag@last.fm
Mirabella,Demke,Aymara,mdemkeah@biglobe.ne.jp
Doralin,Cauderlie,Chinese,dcauderlieai@huffingtonpost.com
Krystle,Ilymanov,Croatian,kilymanovaj@cam.ac.uk
Cash,Woolveridge,Chinese,cwoolveridgeak@fotki.com
Blane,Carnow,Danish,bcarnowal@stumbleupon.com
Anders,Iceton,Aymara,aicetonam@jigsy.com
Laurie,Fairtlough,Romanian,lfairtloughan@topsy.com
Sheilakathryn,Fennelow,Hindi,sfennelowao@gizmodo.com
Mandel,Doorbar,Zulu,mdoorbarap@ca.gov
Piggy,Fairley,Papiamento,pfairleyaq@hao123.com
Genny,St Angel,Haitian Creole,gstangelar@shareasale.com
Agnesse,Barde,Hebrew,abardeas@usda.gov
Baldwin,Wingham,Latvian,bwinghamat@google.cn
Ruth,Crux,Georgian,rcruxau@guardian.co.uk
Myrta,Welham,Icelandic,mwelhamav@tumblr.com
Emelen,Gaynsford,Kazakh,egaynsfordaw@dropbox.com
Munmro,Bool,Tetum,mboolax@imageshack.us
Danika,Snaith,Aymara,dsnaithay@illinois.edu
Crysta,Van den Velde,Kannada,cvandenveldeaz@booking.com
Granthem,Madrell,Filipino,gmadrellb0@google.pl
Alanson,Splevin,Kurdish,asplevinb1@slashdot.org
Marley,Hanny,Spanish,mhannyb2@skyrock.com
Celene,MacAnulty,Japanese,cmacanultyb3@wired.com
Kyle,Tettersell,Malay,ktettersellb4@yandex.ru
Irwinn,Barthorpe,Tetum,ibarthorpeb5@latimes.com
Say,Rasor,Telugu,srasorb6@china.com.cn
Loni,Cammock,Kannada,lcammockb7@sfgate.com
Zena,Treffry,Hungarian,ztreffryb8@hud.gov
Derwin,Kivell,Croatian,dkivellb9@biglobe.ne.jp
Hobart,Warden,Sotho,hwardenba@ftc.gov
Matilda,Clucas,Gujarati,mclucasbb@tinyurl.com
Iain,Jenk,Montenegrin,ijenkbc@cafepress.com
Edlin,Thomlinson,Latvian,ethomlinsonbd@webs.com
Elsa,Gummory,Telugu,egummorybe@discovery.com
Emmie,Dyett,Macedonian,edyettbf@loc.gov
Janette,Sokale,Mongolian,jsokalebg@mac.com
Ines,Tibbles,Indonesian,itibblesbh@illinois.edu
Abagail,Shrimpling,Icelandic,ashrimplingbi@domainmarket.com
Iorgo,Ding,Macedonian,idingbj@earthlink.net
Ian,Smelley,Estonian,ismelleybk@google.com.au
Tobit,Cromarty,Latvian,tcromartybl@ebay.co.uk
Lettie,Cudbertson,Oriya,lcudbertsonbm@seesaa.net
Sidnee,Normanvill,Maltese,snormanvillbn@illinois.edu
Larine,Eaglesham,New Zealand Sign Language,leagleshambo@infoseek.co.jp
Rowe,Wickey,Ndebele,rwickeybp@apple.com
Yorke,See,Malagasy,yseebq@cam.ac.uk
Carmelina,Coggen,Filipino,ccoggenbr@eepurl.com
Shelden,Corck,Latvian,scorckbs@woothemes.com
Davina,O'Shesnan,Kazakh,doshesnanbt@vimeo.com
Franklin,Gatus,Estonian,fgatusbu@ucsd.edu
Leslie,Hearnshaw,Finnish,lhearnshawbv@moonfruit.com
Ken,Snedden,Kazakh,ksneddenbw@nbcnews.com
Algernon,Alliker,Tok Pisin,aallikerbx@dell.com
Donalt,McSkin,Afrikaans,dmcskinby@auda.org.au
Dominique,Bartolomucci,English,dbartolomuccibz@nyu.edu
Wesley,Lillyman,Dari,wlillymanc0@bandcamp.com
Gualterio,Giannoni,West Frisian,ggiannonic1@exblog.jp
Ram,Samweyes,Tajik,rsamweyesc2@woothemes.com
Blanca,Harower,Marathi,bharowerc3@huffingtonpost.com
D'arcy,Cornborough,Kyrgyz,dcornboroughc4@businessinsider.com
Augustus,Robardey,Gagauz,arobardeyc5@businessinsider.com
Jenny,Godball,Swedish,jgodballc6@nydailynews.com
Isahella,Geraudy,Yiddish,igeraudyc7@twitpic.com
Crissie,Hansed,Lao,chansedc8@census.gov
Addie,Cattellion,Catalan,acattellionc9@google.it
Lyndsey,Mitcheson,French,lmitchesonca@com.com
Robers,Ody,Ndebele,rodycb@senate.gov
Donn,Izzatt,Haitian Creole,dizzattcc@independent.co.uk
Emmi,Antonich,German,eantonichcd@elpais.com
Tommy,Casale,Mongolian,tcasalece@addthis.com
Wye,Fitter,Belarusian,wfittercf@amazon.co.jp
Koralle,Wooffinden,Kannada,kwooffindencg@google.cn
Haywood,Pargiter,Georgian,hpargiterch@alexa.com
Rois,Carvell,Indonesian,rcarvellci@walmart.com
Trisha,Grece,Māori,tgrececj@microsoft.com
Neysa,Chaimson,Pashto,nchaimsonck@squarespace.com
Avigdor,Royste,Hungarian,aroystecl@mashable.com
Eulalie,O'Kielt,Somali,eokieltcm@stumbleupon.com
Nels,Weyman,Burmese,nweymancn@quantcast.com
Tirrell,Euston,Kyrgyz,teustonco@google.nl
Onofredo,Boake,Nepali,oboakecp@upenn.edu
Anastasie,Ablett,Irish Gaelic,aablettcq@gnu.org
Wolf,Dubery,Korean,wduberycr@usda.gov
Bradford,Blues,Māori,bbluescs@dyndns.org
Quintina,Menezes,Haitian Creole,qmenezesct@imdb.com
Neysa,Garham,Oriya,ngarhamcu@blog.com
Cristabel,Bayley,Tajik,cbayleycv@wordpress.org
Kissiah,Hitzmann,Swahili,khitzmanncw@fema.gov
Calvin,Connett,Malay,cconnettcx@myspace.com
Kaspar,Hindshaw,Fijian,khindshawcy@sitemeter.com
Moses,Blampey,Japanese,mblampeycz@virginia.edu
Hollie,Pusill,Luxembourgish,hpusilld0@moonfruit.com
Nicolle,BURWIN,Afrikaans,nburwind1@so-net.ne.jp
Clarabelle,Hanhardt,Japanese,chanhardtd2@samsung.com
Lexi,Checklin,Bislama,lchecklind3@ox.ac.uk
Wernher,Landal,French,wlandald4@arstechnica.com
Ottilie,Dowtry,Korean,odowtryd5@ucoz.com
Richard,Skylett,Spanish,rskylettd6@ebay.com
Friederike,Scotson,Persian,fscotsond7@sourceforge.net
Jeremiah,Creboe,Icelandic,jcreboed8@guardian.co.uk
Chariot,Crellim,Khmer,ccrellimd9@wikimedia.org
Garrik,Frain,Portuguese,gfrainda@census.gov
Shelagh,Kenaway,Arabic,skenawaydb@usgs.gov
Artair,Hugk,Norwegian,ahugkdc@usda.gov
Jenilee,Benn,Haitian Creole,jbenndd@geocities.com
Cathyleen,Opdenort,Mongolian,copdenortde@qq.com
Federico,Ede,Kazakh,fededf@yelp.com
Burnaby,Roby,Italian,brobydg@livejournal.com
Austine,Laxon,Luxembourgish,alaxondh@google.com.br
Si,Geyton,Irish Gaelic,sgeytondi@simplemachines.org
Bartolemo,Birch,Dzongkha,bbirchdj@icio.us
Gerta,Kelway,Bosnian,gkelwaydk@wiley.com
Otto,Reidie,Gagauz,oreidiedl@ucoz.ru
Ardys,Swetmore,Polish,aswetmoredm@vimeo.com
Merwyn,Carbert,Persian,mcarbertdn@oakley.com
Gardner,Bodechon,Kurdish,gbodechondo@dropbox.com
Elise,Lissett,New Zealand Sign Language,elissettdp@dot.gov
Feliks,Dorgan,West Frisian,fdorgandq@ning.com
Dave,Verne,French,dvernedr@gizmodo.com
Denny,Davidovici,Amharic,ddavidovicids@networksolutions.com
Mirabelle,Pigot,German,mpigotdt@cnn.com
Robina,Beevens,Punjabi,rbeevensdu@ox.ac.uk
Aldus,Jurczik,Croatian,ajurczikdv@seesaa.net
Fannie,Tunn,Amharic,ftunndw@about.me
Peri,Hatcliffe,Burmese,phatcliffedx@nature.com
Leshia,Anniwell,West Frisian,lanniwelldy@archive.org
Gualterio,Schleswig-Holstein,Gujarati,gschleswigholsteindz@wikia.com
Vivianna,Zeale,Kazakh,vzealee0@china.com.cn
Harrison,Cochern,Punjabi,hcocherne1@trellian.com
Putnam,Ozanne,Spanish,pozannee2@zdnet.com
Karalynn,Onslow,French,konslowe3@elpais.com
Gottfried,Hinkensen,Gujarati,ghinkensene4@geocities.com
Leopold,Nowakowski,Pashto,lnowakowskie5@cargocollective.com
Jillayne,Werny,Belarusian,jwernye6@blogspot.com
Gareth,Novis,German,gnovise7@discuz.net
Kylie,Michelet,Luxembourgish,kmichelete8@psu.edu
Luisa,Parkman,Tetum,lparkmane9@blogs.com
Erina,Have,Bulgarian,ehaveea@is.gd
Becca,Botten,Norwegian,bbotteneb@earthlink.net
Christyna,Tittershill,Marathi,ctittershillec@opensource.org
Jonell,Jolley,Bengali,jjolleyed@walmart.com
Todd,Cathel,Indonesian,tcathelee@cisco.com
Jojo,Beacham,Polish,jbeachamef@usda.gov
Farris,Wyndham,Dutch,fwyndhameg@macromedia.com
Louisa,Bramwich,Malayalam,lbramwicheh@opensource.org
Sharla,Sickling,Malayalam,ssicklingei@digg.com
Krissy,Tuhy,Quechua,ktuhyej@geocities.jp
Nichole,Keese,Moldovan,nkeeseek@google.ru
Darda,La Rosa,Thai,dlarosael@apache.org
Cyrus,Nassie,Estonian,cnassieem@ft.com
Concettina,Bassindale,Sotho,cbassindaleen@google.nl
Peggie,Shearme,Sotho,pshearmeeo@theatlantic.com
Kerry,Fugere,Tamil,kfugereep@businessweek.com
Evelyn,Morehall,Filipino,emorehalleq@so-net.ne.jp
Verne,Endecott,Haitian Creole,vendecotter@live.com
Harold,Ballinger,Bosnian,hballingeres@liveinternet.ru
Denni,Freyn,Amharic,dfreynet@desdev.cn
Celinda,Stayt,Tajik,cstayteu@bloomberg.com
Rubi,Pearson,Bosnian,rpearsonev@gizmodo.com
Niven,McPeeters,Hiri Motu,nmcpeetersew@virginia.edu
Richard,Luscombe,Thai,rluscombeex@blogtalkradio.com
Ferrell,De Bernardis,Tswana,fdebernardisey@purevolume.com
Kira,Wybrew,Sotho,kwybrewez@moonfruit.com
Vivie,Doubleday,Japanese,vdoubledayf0@abc.net.au
Ham,Clingan,Pashto,hclinganf1@arstechnica.com
Collette,Porson,Hindi,cporsonf2@yolasite.com
Silvana,De Gouy,Thai,sdegouyf3@google.nl
Daffie,Peacham,Marathi,dpeachamf4@toplist.cz
Ben,Townley,Norwegian,btownleyf5@e-recht24.de
Judye,Murgatroyd,Armenian,jmurgatroydf6@addthis.com
Kara,Drackford,Lithuanian,kdrackfordf7@telegraph.co.uk
Kean,Ruusa,Tswana,kruusaf8@tripod.com
Almira,Easterling,Armenian,aeasterlingf9@deliciousdays.com
Brodie,Deetlefs,Finnish,bdeetlefsfa@cdc.gov
Jeanelle,Puig,Dari,jpuigfb@vkontakte.ru
Ileana,McGrouther,Guaraní,imcgroutherfc@edublogs.org
Cris,Pentelow,Dari,cpentelowfd@yandex.ru
Joya,Shankster,Swahili,jshanksterfe@tripod.com
Randa,Stebbings,Greek,rstebbingsff@businessweek.com
Isaak,Kirwan,Bengali,ikirwanfg@tuttocitta.it
Billy,Binnes,New Zealand Sign Language,bbinnesfh@harvard.edu
Fenelia,Greggs,Punjabi,fgreggsfi@myspace.com
Vergil,Crosio,Northern Sotho,vcrosiofj@csmonitor.com
Nannie,Diben,Somali,ndibenfk@walmart.com
Giles,Tondeur,Estonian,gtondeurfl@businessweek.com
Jodie,Pethick,Finnish,jpethickfm@hatena.ne.jp
Yuma,Beuscher,Dari,ybeuscherfn@comcast.net
Yelena,Olenchikov,Swedish,yolenchikovfo@ft.com
Ardath,Durbyn,German,adurbynfp@tiny.cc
Nollie,Dimitrie,Danish,ndimitriefq@buzzfeed.com
Jeremie,Geraldini,Bengali,jgeraldinifr@google.pl
Goldie,Jellico,Hungarian,gjellicofs@aol.com
Hank,Zanazzi,Burmese,hzanazzift@soup.io
Haily,Ellingworth,English,hellingworthfu@netlog.com
Georgie,Stibbs,Greek,gstibbsfv@ifeng.com
Devin,Kull,Māori,dkullfw@guardian.co.uk
Waylin,Cornelius,Finnish,wcorneliusfx@soundcloud.com
Robers,Postin,Nepali,rpostinfy@so-net.ne.jp
Maynard,Vasiltsov,Amharic,mvasiltsovfz@telegraph.co.uk
Ricki,McDonand,Norwegian,rmcdonandg0@sogou.com
Emory,McCarney,Azeri,emccarneyg1@ebay.com
Godfree,Wilstead,Yiddish,gwilsteadg2@storify.com
Bibbie,Beevers,Aymara,bbeeversg3@miitbeian.gov.cn
Ambrosio,Simmill,Swahili,asimmillg4@behance.net
Orion,Madgewick,Swati,omadgewickg5@seattletimes.com
Keary,Kid,Latvian,kkidg6@microsoft.com
Laurianne,Brigham,Malay,lbrighamg7@adobe.com
Rourke,Evett,Tetum,revettg8@statcounter.com
Welby,Dominighi,West Frisian,wdominighig9@dagondesign.com
Ermengarde,Spinage,Arabic,espinagega@telegraph.co.uk
Eugenius,Mucillo,Czech,emucillogb@uiuc.edu
Othello,Cronshaw,Kannada,ocronshawgc@posterous.com
Dede,Costar,Malay,dcostargd@hhs.gov
Samaria,Jeaneau,Tetum,sjeaneauge@samsung.com
Gustave,Seven,Thai,gsevengf@wiley.com
Stacee,Shakelade,Kannada,sshakeladegg@istockphoto.com
Cherish,Boothroyd,Estonian,cboothroydgh@apple.com
Dierdre,Romayn,Bulgarian,dromayngi@springer.com
Vicki,Charpling,Dzongkha,vcharplinggj@reverbnation.com
Basilio,Baxstare,Persian,bbaxstaregk@hp.com
Reggy,Spriggin,Guaraní,rspriggingl@phoca.cz
Nariko,Choudhury,Dutch,nchoudhurygm@dailymail.co.uk
Alisa,Guillerman,Azeri,aguillermangn@over-blog.com
Kimmie,Hawick,West Frisian,khawickgo@marketwatch.com
Desmond,Cheer,Bengali,dcheergp@webmd.com
Jaquenette,Harget,Gagauz,jhargetgq@miibeian.gov.cn
Keen,Ditchfield,Amharic,kditchfieldgr@mashable.com
Waylon,Cronshaw,Swedish,wcronshawgs@oakley.com
Marietta,Jaimez,Pashto,mjaimezgt@dropbox.com
Madge,Baud,Kyrgyz,mbaudgu@uiuc.edu
Enrichetta,Lawlee,West Frisian,elawleegv@lycos.com
Lucky,Kloisner,Czech,lkloisnergw@xing.com
Jenny,Aleavy,Afrikaans,jaleavygx@narod.ru
Cinda,Raymond,Belarusian,craymondgy@vk.com
Isabella,Leversuch,Latvian,ileversuchgz@ycombinator.com
Marabel,Hayne,Malay,mhayneh0@goodreads.com
Sinclair,Killingsworth,Somali,skillingsworthh1@scribd.com
Maressa,Brackley,Armenian,mbrackleyh2@cpanel.net
Madison,Paynter,Sotho,mpaynterh3@fastcompany.com
Calley,Hambly,Greek,chamblyh4@instagram.com
Lynnell,Adds,Luxembourgish,laddsh5@deviantart.com
Conchita,Lartice,Georgian,clarticeh6@discuz.net
Andriette,Stallibrass,Bosnian,astallibrassh7@sohu.com
Brandise,Robertet,Guaraní,broberteth8@google.co.jp
Tera,Eastop,Malay,teastoph9@infoseek.co.jp
Tyrus,Mathers,Hiri Motu,tmathersha@dailymotion.com
Maxie,Arkill,Gagauz,markillhb@scientificamerican.com
Dena,Lackey,French,dlackeyhc@comsenz.com
Manny,Trusler,Hindi,mtruslerhd@spotify.com
Gaile,Ingleby,Macedonian,ginglebyhe@fda.gov
Liva,Awty,Italian,lawtyhf@chron.com
Winnie,Matokhnin,Kyrgyz,wmatokhninhg@hud.gov
Mirabelle,Kefford,Moldovan,mkeffordhh@chronoengine.com
Christin,Canepe,Fijian,ccanepehi@ifeng.com
Dorolisa,Piser,Māori,dpiserhj@newsvine.com
Eirena,Wheatman,Dzongkha,ewheatmanhk@miibeian.gov.cn
Karl,Raulston,Kashmiri,kraulstonhl@ask.com
Shanda,Melledy,Portuguese,smelledyhm@springer.com
Jada,Tarbert,Montenegrin,jtarberthn@1und1.de
Jackqueline,Lunn,Armenian,jlunnho@4shared.com
Christiana,Stratten,Bosnian,cstrattenhp@scribd.com
Lucio,Alder,Nepali,lalderhq@sfgate.com
Jerry,Caunt,Malay,jcaunthr@intel.com
Jeramie,Kyllford,New Zealand Sign Language,jkyllfordhs@deliciousdays.com
Guillaume,Haswell,Sotho,ghaswellht@yellowpages.com
Farah,Ingolotti,Tamil,fingolottihu@feedburner.com
Jolene,Voaden,Afrikaans,jvoadenhv@tinyurl.com
Cathlene,Lockart,Danish,clockarthw@macromedia.com
Otho,Fulker,Norwegian,ofulkerhx@reuters.com
Morris,Plank,Khmer,mplankhy@smh.com.au
Simonette,Grigoli,French,sgrigolihz@mozilla.com
Rudolf,M'Quhan,Bengali,rmquhani0@tumblr.com
Dorthy,Neave,Lao,dneavei1@ovh.net
Nikolaos,Cherrington,Italian,ncherringtoni2@odnoklassniki.ru
Merv,Tomczak,Amharic,mtomczaki3@ucoz.ru
Jase,Berthe,Lithuanian,jberthei4@ted.com
Rickie,Treppas,Indonesian,rtreppasi5@blogger.com
Madelon,Keyte,Hindi,mkeytei6@163.com
Kyle,Kill,French,kkilli7@ehow.com
Sansone,Vest,Italian,svesti8@soup.io
Amber,Steers,Gujarati,asteersi9@mediafire.com
Kipper,Philipsson,Irish Gaelic,kphilipssonia@arstechnica.com
Tabatha,Vennard,Kazakh,tvennardib@goo.ne.jp
Euphemia,Gradley,West Frisian,egradleyic@nyu.edu
Ardelle,Evers,Gagauz,aeversid@mapy.cz
Lebbie,Amberg,Dari,lambergie@furl.net
Berry,Dunnet,Filipino,bdunnetif@blogs.com
Rab,Tarbett,Albanian,rtarbettig@skype.com
Robb,Hucker,Marathi,rhuckerih@so-net.ne.jp
Huey,Meadley,Tajik,hmeadleyii@g.co
Rozanna,Gilhooley,Icelandic,rgilhooleyij@state.gov
Quintilla,Bickle,Malayalam,qbickleik@dropbox.com
Leone,Hierro,Finnish,lhierroil@elegantthemes.com
Aaron,Finlow,Armenian,afinlowim@w3.org
Sigismondo,Oxe,Luxembourgish,soxein@google.it
Marge,Thurston,Indonesian,mthurstonio@webnode.com
Christina,Swindley,Swahili,cswindleyip@netscape.com
Agosto,Sarchwell,Tetum,asarchwelliq@amazonaws.com
Zach,Bent,Haitian Creole,zbentir@theglobeandmail.com
Caitrin,Rowling,Sotho,crowlingis@reuters.com
Anatole,Joffe,Marathi,ajoffeit@eventbrite.com
Nicholas,Harmeston,Malagasy,nharmestoniu@prnewswire.com
Edgar,Renzo,Papiamento,erenzoiv@engadget.com
Thaddus,Gillbanks,Gagauz,tgillbanksiw@opera.com
Rosemaria,De Vile,Zulu,rdevileix@discuz.net
Ellyn,Romer,Bosnian,eromeriy@thetimes.co.uk
Christoper,Bonhan,Luxembourgish,cbonhaniz@indiegogo.com
Tammara,Demkowicz,Bislama,tdemkowiczj0@freewebs.com
Midge,Grishaev,Malagasy,mgrishaevj1@themeforest.net
Cornela,Thibodeaux,Filipino,cthibodeauxj2@gnu.org
Walker,Roadknight,Greek,wroadknightj3@ihg.com
Rafa,Riquet,Yiddish,rriquetj4@alexa.com
Stoddard,Cammoile,Amharic,scammoilej5@gmpg.org
Emmi,Windless,Oriya,ewindlessj6@cloudflare.com
Kassia,Cookes,Croatian,kcookesj7@histats.com
Gearalt,Derisley,Filipino,gderisleyj8@bizjournals.com
Rheba,Ivins,Tsonga,rivinsj9@tuttocitta.it
Sigfried,Branchett,Persian,sbranchettja@mac.com
Demetria,Bence,Tajik,dbencejb@twitter.com
Mable,Andersson,Maltese,manderssonjc@smh.com.au
Leonanie,Finnes,Kurdish,lfinnesjd@techcrunch.com
Adham,Dunseith,Lithuanian,adunseithje@github.com
Darb,Blaksley,Tetum,dblaksleyjf@mozilla.com
Caterina,Dobinson,Arabic,cdobinsonjg@senate.gov
Georgy,Jonson,Quechua,gjonsonjh@google.pl
Vinnie,Remer,Tsonga,vremerji@disqus.com
Sadye,Layne,Hungarian,slaynejj@sina.com.cn
Anneliese,Truin,Ndebele,atruinjk@sogou.com
Zebulen,Aldous,Dutch,zaldousjl@rambler.ru
Leicester,Lammertz,Ndebele,llammertzjm@google.co.uk
Elinor,Vowells,Catalan,evowellsjn@kickstarter.com
Garret,Uppett,Yiddish,guppettjo@people.com.cn
Walsh,Huckett,Bulgarian,whuckettjp@nba.com
Monty,Southwell,Swati,msouthwelljq@sciencedaily.com
Josephine,Meers,Kurdish,jmeersjr@npr.org
Corbet,O'Ferris,Gujarati,coferrisjs@angelfire.com
Shandy,Autin,Korean,sautinjt@chronoengine.com
Arron,Grute,Punjabi,agruteju@hhs.gov
Matthew,Nulty,Finnish,mnultyjv@nba.com
Kahaleel,Sephton,Oriya,ksephtonjw@jugem.jp
Joshia,Baldetti,Hungarian,jbaldettijx@privacy.gov.au
Rolf,Strowan,English,rstrowanjy@pinterest.com
Gal,Donaho,Hebrew,gdonahojz@who.int
Sanford,Clipsham,Papiamento,sclipshamk0@blogger.com
Delcina,Linnane,Lithuanian,dlinnanek1@wordpress.org
Benedikt,Dowers,Arabic,bdowersk2@ask.com
Noelani,Ellicock,Belarusian,nellicockk3@scientificamerican.com
Tessi,Weymont,Quechua,tweymontk4@feedburner.com
Ashly,Schubert,Oriya,aschubertk5@mtv.com
Gerik,Arrighini,Estonian,garrighinik6@google.ru
Eziechiele,Rearden,Georgian,ereardenk7@arizona.edu
Carolina,Scarr,Maltese,cscarrk8@ft.com
Dorie,Bleby,Gujarati,dblebyk9@boston.com
Wilfred,Ruslen,Spanish,wruslenka@webeden.co.uk
Moyra,Melladew,Croatian,mmelladewkb@histats.com
Rica,Petrussi,Irish Gaelic,rpetrussikc@seesaa.net
Lorena,Joannic,Tsonga,ljoannickd@cocolog-nifty.com
Charity,Killock,Kazakh,ckillockke@mashable.com
Atalanta,Sillito,Thai,asillitokf@artisteer.com
Lorinda,Chidgey,Ndebele,lchidgeykg@google.co.uk
Ann,Abele,Māori,aabelekh@nyu.edu
Brennan,Ashelford,Gujarati,bashelfordki@etsy.com
Birgitta,Toten,Mongolian,btotenkj@xrea.com
Salim,Goacher,Swati,sgoacherkk@aol.com
Abby,Gregolotti,Bislama,agregolottikl@prlog.org
Melany,Steketee,Romanian,msteketeekm@dedecms.com
Lucienne,Augie,Malagasy,laugiekn@hp.com
Vivianna,Belhomme,Papiamento,vbelhommeko@nba.com
Elaina,Topham,Hiri Motu,etophamkp@google.nl
Ruthanne,Currall,Albanian,rcurrallkq@mozilla.org
Merridie,Bangiard,Malay,mbangiardkr@stumbleupon.com
Susanetta,Epinay,Tajik,sepinayks@oakley.com
Shell,Pittwood,Arabic,spittwoodkt@woothemes.com
Eldin,Habben,Telugu,ehabbenku@whitehouse.gov
Mirabel,Vardy,Tsonga,mvardykv@google.com.hk
Vivyan,Postlethwaite,Japanese,vpostlethwaitekw@live.com
Lexine,Fealty,Albanian,lfealtykx@istockphoto.com
Mari,Broomhead,Swedish,mbroomheadky@si.edu
Agustin,Garrat,Yiddish,agarratkz@marriott.com
Stevena,Axby,Lao,saxbyl0@quantcast.com
Leann,Darington,Italian,ldaringtonl1@miibeian.gov.cn
Clarabelle,Glas,Lao,cglasl2@hostgator.com
Trudie,Inglish,Nepali,tinglishl3@wired.com
Jay,O' Quirk,Haitian Creole,joquirkl4@telegraph.co.uk
Brinn,Azema,Spanish,bazemal5@arstechnica.com
Adham,Baniard,Thai,abaniardl6@lycos.com
Mervin,Klos,New Zealand Sign Language,mklosl7@nbcnews.com
Ignazio,Corck,Yiddish,icorckl8@bloglines.com
Lynnea,Huortic,Malayalam,lhuorticl9@cocolog-nifty.com
Janeta,Jekyll,Malayalam,jjekyllla@elpais.com
Harley,Wharlton,Malayalam,hwharltonlb@reuters.com
Valaree,Imlaw,Thai,vimlawlc@illinois.edu
Clem,Swyn,Burmese,cswynld@netvibes.com
Lanie,Beers,Lao,lbeersle@google.ru
Ardelia,Fruish,Dutch,afruishlf@yale.edu
Onofredo,Jessel,Yiddish,ojessellg@mapy.cz
Dorie,Sellens,Burmese,dsellenslh@senate.gov
Inna,O' Byrne,Assamese,iobyrneli@hugedomains.com
Ardith,Gossan,Assamese,agossanlj@statcounter.com
Viv,Dabnor,Quechua,vdabnorlk@jigsy.com
Thaxter,Howgego,Pashto,thowgegoll@nasa.gov
Atlante,Sheavills,Sotho,asheavillslm@comsenz.com
Karine,MacAlester,Papiamento,kmacalesterln@sina.com.cn
Shela,Serchwell,Dutch,sserchwelllo@answers.com
Gabey,Iacomini,Gagauz,giacominilp@unesco.org
Cirilo,Behneke,Persian,cbehnekelq@cocolog-nifty.com
Micheil,D'Ruel,Kashmiri,mdruellr@mayoclinic.com
Lorrie,Penna,Moldovan,lpennals@mysql.com
Boony,Heiss,Hebrew,bheisslt@house.gov
Allyn,Skitch,Arabic,askitchlu@yelp.com
Lemmie,Jouhan,Tswana,ljouhanlv@dyndns.org
Clayborn,McGurk,Khmer,cmcgurklw@noaa.gov
Cull,Lepper,Danish,clepperlx@sina.com.cn
Filbert,Linne,Malagasy,flinnely@un.org
Lisette,Gatlin,Dzongkha,lgatlinlz@baidu.com
Lani,Winn,Zulu,lwinnm0@feedburner.com
Corrianne,Gotling,Maltese,cgotlingm1@php.net
Erinn,Mandres,Bislama,emandresm2@google.com.br
Carroll,Leander,Luxembourgish,cleanderm3@apple.com
Minnnie,Aubrey,West Frisian,maubreym4@utexas.edu
Cissy,Hillan,Tajik,chillanm5@exblog.jp
Slade,Ygou,Gagauz,sygoum6@ted.com
Cami,Ing,Irish Gaelic,cingm7@opera.com
Munroe,Kertess,West Frisian,mkertessm8@narod.ru
Shawna,Rosencwaig,Yiddish,srosencwaigm9@hhs.gov
Dionis,Briggs,Malay,dbriggsma@163.com
Harley,Philipeau,Quechua,hphilipeaumb@eventbrite.com
Maggi,Jiran,Papiamento,mjiranmc@msu.edu
Cordula,Ewbanke,Montenegrin,cewbankemd@bloglines.com
Guillermo,Storkes,Swedish,gstorkesme@cbc.ca
Avrom,Woodworth,Hindi,awoodworthmf@psu.edu
Marna,Schoular,Nepali,mschoularmg@bloglovin.com
Kayley,Eastman,Latvian,keastmanmh@ning.com
Cross,Cadell,Kyrgyz,ccadellmi@addtoany.com
Felice,Samples,Azeri,fsamplesmj@seesaa.net
Aaron,Swannell,Swahili,aswannellmk@rambler.ru
Anne,Mandre,Polish,amandreml@dyndns.org
Mickie,Keane,Tetum,mkeanemm@cloudflare.com
Tillie,Kemmis,Belarusian,tkemmismn@buzzfeed.com
Keene,Ennew,Moldovan,kennewmo@about.me
Ann-marie,Gillivrie,Moldovan,agillivriemp@bizjournals.com
Kailey,Dooly,French,kdoolymq@nba.com
Obadias,Knappen,Telugu,oknappenmr@skyrock.com
Mikey,Titchener,Dutch,mtitchenerms@princeton.edu
Thaddus,Sicely,Persian,tsicelymt@canalblog.com
Berkley,Roots,Latvian,brootsmu@jugem.jp
Gaspar,Mynett,Romanian,gmynettmv@tripod.com
Dinah,Clemmens,Latvian,dclemmensmw@bravesites.com
Pen,Siemantel,Kurdish,psiemantelmx@prlog.org
Romeo,Jozsika,Kurdish,rjozsikamy@blogs.com
Abie,Johnsee,Tajik,ajohnseemz@yale.edu
Bald,Bolduc,Belarusian,bbolducn0@latimes.com
Bonni,Allaker,Punjabi,ballakern1@plala.or.jp
Karon,Jagg,Marathi,kjaggn2@zdnet.com
Johna,Bullier,Mongolian,jbulliern3@photobucket.com
Valentia,Gumbley,Lao,vgumbleyn4@umich.edu
Wittie,Kislingbury,Latvian,wkislingburyn5@forbes.com
Lazaro,Saldler,English,lsaldlern6@sakura.ne.jp
Bale,Fryatt,Filipino,bfryattn7@wsj.com
Merlina,Kippie,West Frisian,mkippien8@cbc.ca
Issie,Meatyard,Oriya,imeatyardn9@virginia.edu
Sanford,Bruford,Pashto,sbrufordna@economist.com
Dougie,Trenoweth,Burmese,dtrenowethnb@si.edu
Boycie,Brommage,Sotho,bbrommagenc@si.edu
Miguel,Meni,Oriya,mmenind@army.mil
Heinrick,Beckwith,Swahili,hbeckwithne@wikipedia.org
Nonna,Caldwell,Norwegian,ncaldwellnf@qq.com
Peter,Moralas,Kurdish,pmoralasng@telegraph.co.uk
Melantha,Berrycloth,Papiamento,mberryclothnh@macromedia.com
Fredek,Glossup,Danish,fglossupni@altervista.org
Leandra,Boxhill,Kashmiri,lboxhillnj@wunderground.com
Dorie,Crisall,Portuguese,dcrisallnk@fastcompany.com
Jolyn,Roffey,Czech,jroffeynl@accuweather.com
Olympie,Betho,Kannada,obethonm@livejournal.com
Adelle,Behnke,Sotho,abehnkenn@ox.ac.uk
Pearl,Burress,Bosnian,pburressno@theatlantic.com
Kathe,Keep,Pashto,kkeepnp@time.com
Neel,Poulsen,Swati,npoulsennq@japanpost.jp
Falkner,Joutapavicius,Azeri,fjoutapaviciusnr@topsy.com
Deena,Billie,Dutch,dbilliens@usa.gov
Elsworth,Chastand,Khmer,echastandnt@e-recht24.de
Kippie,Buddles,Romanian,kbuddlesnu@wikipedia.org
Demeter,Bernaldez,Italian,dbernaldeznv@dell.com
Corbet,Redfearn,Swedish,credfearnnw@biblegateway.com
Lars,Judkin,Finnish,ljudkinnx@squarespace.com
Andriette,Plumbley,Irish Gaelic,aplumbleyny@sphinn.com
Pippy,Bointon,Haitian Creole,pbointonnz@cdbaby.com
Margarete,Behneke,Bulgarian,mbehnekeo0@epa.gov
Page,Filliskirk,Oriya,pfilliskirko1@hatena.ne.jp
Carmencita,Hendrichs,Sotho,chendrichso2@chron.com
Coreen,Shelbourne,Afrikaans,cshelbourneo3@ow.ly
Susan,McVittie,Dhivehi,smcvittieo4@answers.com
Jasun,Willows,Tamil,jwillowso5@howstuffworks.com
Ursola,Haggett,Gagauz,uhaggetto6@nasa.gov
Tera,Broady,Oriya,tbroadyo7@accuweather.com
Bartolemo,Snasel,Northern Sotho,bsnaselo8@ycombinator.com
Jocko,Dingle,Kyrgyz,jdingleo9@freewebs.com
Lucius,Grane,Tswana,lgraneoa@cyberchimps.com
Baryram,Lipprose,Dutch,blipproseob@google.ca
Dorree,Playfoot,Polish,dplayfootoc@t.co
Cass,Brahm,English,cbrahmod@imgur.com
Lockwood,Skokoe,German,lskokoeoe@ted.com
Chas,Ebertz,Lao,cebertzof@cdc.gov
Benedetta,Cromar,Punjabi,bcromarog@msn.com
Sandor,Nightingale,Maltese,snightingaleoh@taobao.com
Errol,Cristobal,Punjabi,ecristobaloi@gmpg.org
Fancy,Laurenty,Tswana,flaurentyoj@cornell.edu
Susann,Gwioneth,Swahili,sgwionethok@washington.edu
Ettore,Gally,Northern Sotho,egallyol@washingtonpost.com
Kandy,Emma,Hiri Motu,kemmaom@cmu.edu
Astrix,Bridat,Dhivehi,abridaton@example.com
Dorthy,Boughtwood,Malayalam,dboughtwoodoo@answers.com
Franciskus,Paal,Bosnian,fpaalop@infoseek.co.jp
Rhodie,Flaxman,Georgian,rflaxmanoq@infoseek.co.jp
Gerti,McCaw,Dari,gmccawor@livejournal.com
Loralee,Jendricke,Gagauz,ljendrickeos@amazon.de
Ashlen,Bricknall,Bosnian,abricknallot@ftc.gov
Florry,Friedank,Dzongkha,ffriedankou@nytimes.com
Ofelia,Moncey,Dzongkha,omonceyov@latimes.com
Kenton,Buckthorpe,Finnish,kbuckthorpeow@so-net.ne.jp
Jefferey,Ashbee,Kashmiri,jashbeeox@wordpress.com
Dorothy,Corpes,Hungarian,dcorpesoy@addtoany.com
Gretchen,Frankema,Malagasy,gfrankemaoz@bluehost.com
Jenni,Phillcock,Assamese,jphillcockp0@sun.com
Gusta,Alyokhin,Swedish,galyokhinp1@opensource.org
Cassie,Sidney,Filipino,csidneyp2@hp.com
Meagan,Sherwen,Dzongkha,msherwenp3@4shared.com
Oona,Pink,Korean,opinkp4@sciencedirect.com
Donelle,Escudier,Swati,descudierp5@last.fm
Cameron,Hackett,Croatian,chackettp6@jigsy.com
Margeaux,Josefsen,Montenegrin,mjosefsenp7@digg.com
Abbie,Sibson,Telugu,asibsonp8@umn.edu
Amity,Bilofsky,Māori,abilofskyp9@homestead.com
Johnnie,Manuaud,Georgian,jmanuaudpa@unblog.fr
Berti,Gritland,Tetum,bgritlandpb@wp.com
Kissiah,Brinkman,New Zealand Sign Language,kbrinkmanpc@constantcontact.com
Nathaniel,Tombleson,Afrikaans,ntomblesonpd@addtoany.com
Alastair,Dyment,Tswana,adymentpe@vkontakte.ru
Hedwiga,Middlehurst,Kannada,hmiddlehurstpf@state.gov
Torrey,Notti,Irish Gaelic,tnottipg@berkeley.edu
Cherin,Redington,Northern Sotho,credingtonph@msu.edu
Geordie,Elderidge,Tsonga,gelderidgepi@creativecommons.org
Lavinie,Hofer,Nepali,lhoferpj@cbslocal.com
Morgun,Tedstone,Punjabi,mtedstonepk@spiegel.de
Gaylord,Inglesant,Finnish,ginglesantpl@ca.gov
Claire,Biggar,Yiddish,cbiggarpm@nps.gov
Vidovik,Augustus,Montenegrin,vaugustuspn@irs.gov
Ingar,Swanton,Arabic,iswantonpo@ovh.net
Vera,Oxshott,Gujarati,voxshottpp@amazonaws.com
Torie,Jorn,Armenian,tjornpq@time.com
Lulu,Stowers,Khmer,lstowerspr@eepurl.com
Ronny,Langfitt,Dhivehi,rlangfittps@telegraph.co.uk
Veronica,Urian,New Zealand Sign Language,vurianpt@lulu.com
Prent,Please,Korean,ppleasepu@ed.gov
Kathye,Gainsbury,Haitian Creole,kgainsburypv@ustream.tv
Kamillah,Wildber,Irish Gaelic,kwildberpw@weebly.com
Neils,Steeples,Polish,nsteeplespx@facebook.com
Claudia,Blamphin,Greek,cblamphinpy@sun.com
Blancha,Spilstead,Irish Gaelic,bspilsteadpz@about.com
Heda,Kloska,Korean,hkloskaq0@xrea.com
Edmund,Messruther,Dari,emessrutherq1@bbb.org
Jennine,Anneslie,Catalan,janneslieq2@youtu.be
Tabatha,Decayette,Tajik,tdecayetteq3@cornell.edu
Boot,O' Brian,Latvian,bobrianq4@phoca.cz
Reta,Itzkovwitch,Māori,ritzkovwitchq5@uiuc.edu
Orin,O'Neil,Spanish,ooneilq6@twitpic.com
Horatia,Trotter,Gujarati,htrotterq7@delicious.com
Johnnie,Collins,Kashmiri,jcollinsq8@senate.gov
Trish,Chesters,Northern Sotho,tchestersq9@freewebs.com
Albina,Shanahan,Telugu,ashanahanqa@theatlantic.com
Jami,Valett,French,jvalettqb@sciencedirect.com
Chaim,Lidgate,Indonesian,clidgateqc@upenn.edu
Fair,Genge,Montenegrin,fgengeqd@aboutads.info
Eugine,Riediger,Italian,eriedigerqe@phoca.cz
Audi,Massie,Gujarati,amassieqf@tamu.edu
Marylinda,Chislett,Danish,mchislettqg@dyndns.org
Grazia,Orteu,Hungarian,gorteuqh@alexa.com
Willi,Crockley,Icelandic,wcrockleyqi@reddit.com
Janie,Patton,Mongolian,jpattonqj@howstuffworks.com
Ana,Totterdill,Malay,atotterdillqk@rakuten.co.jp
Rollin,Gealy,Japanese,rgealyql@arizona.edu
Gram,Legendre,Polish,glegendreqm@bizjournals.com
Loise,Braunton,Burmese,lbrauntonqn@bluehost.com
Javier,Rivelin,Gagauz,jrivelinqo@kickstarter.com
Maurine,Sedcole,Chinese,msedcoleqp@miibeian.gov.cn
Ruddy,Pargent,Montenegrin,rpargentqq@dropbox.com
Philip,Bourhill,French,pbourhillqr@skyrock.com
Guenevere,Gavrielli,Montenegrin,ggavrielliqs@admin.ch
Pip,Bengochea,Dutch,pbengocheaqt@redcross.org
Corbet,Phittiplace,Kannada,cphittiplacequ@miibeian.gov.cn
Edgard,Gillion,Korean,egillionqv@statcounter.com
Tally,Carslaw,Georgian,tcarslawqw@usda.gov
Deirdre,Hamerton,Czech,dhamertonqx@craigslist.org
Carolee,Brehaut,Zulu,cbrehautqy@cnet.com
Nicolis,Paolucci,Malayalam,npaolucciqz@yandex.ru
Sergeant,Skeath,German,sskeathr0@yahoo.com
Rayna,Leschelle,Kurdish,rlescheller1@cornell.edu
Lynda,Parrot,West Frisian,lparrotr2@aboutads.info
Florrie,Kristoffersson,Croatian,fkristofferssonr3@nsw.gov.au
Viviene,Headrick,Azeri,vheadrickr4@fema.gov
Swen,Thynn,Tswana,sthynnr5@hexun.com
Davidson,Bowmen,Filipino,dbowmenr6@sogou.com
Abrahan,Pauleau,Macedonian,apauleaur7@miitbeian.gov.cn
Brett,Dallander,Danish,bdallanderr8@ucoz.com
Iseabal,Presland,Assamese,ipreslandr9@ibm.com
Gaultiero,Realy,Kashmiri,grealyra@homestead.com
Twyla,Conquer,Arabic,tconquerrb@webmd.com
Lydia,Garahan,Amharic,lgarahanrc@economist.com
Jaquith,Dory,Romanian,jdoryrd@reddit.com
Flossy,Garcia,Oriya,fgarciare@washington.edu
Peta,O'Moylan,Guaraní,pomoylanrf@amazon.de
Imogene,Lechmere,Irish Gaelic,ilechmererg@usgs.gov
Christophe,Baelde,Albanian,cbaelderh@disqus.com
Alexis,Twentyman,Afrikaans,atwentymanri@google.ca
Murry,Yakhin,Filipino,myakhinrj@time.com
Burk,Pittock,Polish,bpittockrk@technorati.com
Eduardo,Shambrooke,Kashmiri,eshambrookerl@ameblo.jp
Oliver,Ping,Malagasy,opingrm@mac.com
Lane,Mandy,Latvian,lmandyrn@businesswire.com
Dewie,Bortoli,Macedonian,dbortoliro@ning.com
Michele,Steggles,Marathi,mstegglesrp@whitehouse.gov
Beauregard,Burlingame,German,bburlingamerq@engadget.com
Gustavo,Blenkiron,Kyrgyz,gblenkironrr@1688.com
